setting,dataset,checkpoint,training_view,setting_training_view,method,n_runs,train_seeds,alpha_by_seed,oa,oa_sd,many,many_sd,medium,medium_sd,few,few_sd,macro_f1,macro_f1_sd,nll,nll_sd,ece15,ece15_sd
imagenet_lt_b32,ImageNet-LT,ViT-B/32,not_trained,fixed_center_crop,zero_shot,1,,,59.4159960747,,61.0337674618,,58.1711888313,,59.2205882072,,58.2050561905,,1.6839214563,,1.3995515958,
imagenet_lt_b32,ImageNet-LT,ViT-B/32,fixed_center_crop,fixed_center_crop,ce,3,0;42;200,,61.3759994507,0.2307562122,76.0969718297,0.3379544963,56.2491297722,0.3607363812,37.7598027388,0.3796089995,60.0959380468,0.2632931886,1.4949418306,0.0094806554,8.4530707600,0.7870683709
imagenet_lt_b32,ImageNet-LT,ViT-B/32,fixed_center_crop,fixed_center_crop,la,3,0;42;200,,65.9739971161,0.1897796944,70.6181824207,0.0585421914,64.2185111841,0.3056982222,59.0098003546,1.0706367839,65.4012719790,0.2039592953,1.2902665933,0.0146854640,3.3893452119,0.7866128127
imagenet_lt_b32,ImageNet-LT,ViT-B/32,fixed_center_crop,fixed_center_crop,ce_alpha1,3,0;42;200,0:1;42:1;200:1,65.3473297755,0.0665222771,68.9073602359,0.3336960032,63.1426592668,0.1470484780,63.0343099435,0.9489935801,64.9198055267,0.0919163169,1.3209431966,0.0073237708,3.2576576145,0.8684366184
imagenet_lt_b32,ImageNet-LT,ViT-B/32,fixed_center_crop,fixed_center_crop,ce_val_alpha,3,0;42;200,0:0.75;42:1;200:1,65.3573314349,0.0739285288,69.8718627294,1.8890553084,62.9004875819,0.2742551350,61.2303892771,4.0521107080,64.8555040359,0.1313142470,1.3206392924,0.0068917392,3.3967751663,1.0505395108
imagenet_lt_b32,ImageNet-LT,ViT-B/32,fixed_center_crop,fixed_center_crop,ce_p2p_train_only,3,0;42;200,0:1;42:1;200:1,66.1926647027,0.0371671574,70.3757584095,0.2309972685,64.5427962144,0.0773291858,60.1617634296,0.3658760360,65.7402972380,0.0335095608,1.2834080657,0.0105529039,2.6336294921,0.9071342887
imagenet_lt_b32,ImageNet-LT,ViT-B/32,fixed_center_crop,fixed_center_crop,la_p2p_train_only,3,0;42;200,0:1;42:1;200:1,66.6633307934,0.1755933829,70.6961055597,0.0415593386,65.0020877520,0.2542515587,61.0980371634,0.4665112027,66.2347873052,0.1554349306,1.2628251014,0.0122593926,2.5685973236,0.7302893182
imagenet_lt_b16,ImageNet-LT,ViT-B/16,not_trained,fixed_center_crop,zero_shot,1,,,63.9859974384,,65.1740252972,,63.2108569145,,63.3529365063,,62.8288030624,,1.4752647877,,1.6378432027,
imagenet_lt_b16,ImageNet-LT,ViT-B/16,fixed_center_crop,fixed_center_crop,ce,3,0;42;200,,67.2026634216,0.0777776351,80.3393940131,0.1691591790,63.1677110990,0.0845795177,44.2254890998,0.2875499319,66.0629312197,0.0929127055,1.2345903317,0.0087694151,7.0002136305,0.7745773104
imagenet_lt_b16,ImageNet-LT,ViT-B/16,fixed_center_crop,fixed_center_crop,la,3,0;42;200,,71.0406641165,0.1397490502,74.9627709389,0.3801201618,69.9652055899,0.2594543511,63.7254873912,0.9843435194,70.5640594165,0.1038004519,1.0714727243,0.0183660874,3.1384555322,0.8827506086
imagenet_lt_b16,ImageNet-LT,ViT-B/16,fixed_center_crop,fixed_center_crop,ce_alpha1,3,0;42;200,0:1;42:1;200:1,70.8119988441,0.1200490279,73.6242433389,0.1407709013,69.3973561128,0.0749624995,67.8333322207,0.9650392448,70.4203387101,0.1318374339,1.0837082465,0.0107660032,2.5684130589,0.8370761079
imagenet_lt_b16,ImageNet-LT,ViT-B/16,fixed_center_crop,fixed_center_crop,ce_val_alpha,3,0;42;200,0:0.75;42:0.75;200:1,70.8333313465,0.1266212947,75.4112561544,1.5637782867,68.9311067263,0.4819607791,64.5735283693,3.4406434623,70.3128516674,0.2264631004,1.0817835728,0.0107174430,2.8461261592,1.0048077660
imagenet_lt_b16,ImageNet-LT,ViT-B/16,fixed_center_crop,fixed_center_crop,ce_p2p_train_only,3,0;42;200,0:1;42:1;200:1,71.5846637885,0.2361542515,74.8900433381,0.0166987434,70.5288807551,0.2550190303,65.9460763137,0.8233105950,71.1779117584,0.2542227132,1.0529734245,0.0110984886,2.0784135433,0.9477167029
imagenet_lt_b16,ImageNet-LT,ViT-B/16,fixed_center_crop,fixed_center_crop,la_p2p_train_only,3,0;42;200,0:1;42:1;200:1,71.6693321864,0.2204567222,75.1757601897,0.0894246744,70.6332643827,0.2699609314,65.3921544552,0.7536420819,71.3014344374,0.2027980199,1.0470688482,0.0184350895,2.4750234409,0.9609253569
imagenet_lt_b32_online,ImageNet-LT,ViT-B/32,not_trained,online_rrc_hflip,zero_shot,1,,,59.4159960747,,61.0337674618,,58.1711888313,,59.2205882072,,58.2050561905,,1.6839214563,,1.3995515958,
imagenet_lt_b32_online,ImageNet-LT,ViT-B/32,online_rrc_hflip,online_rrc_hflip,ce,3,0;42;200,,61.5379989147,0.1216064257,76.9922097524,0.2622237627,56.4203202724,0.3065490030,35.8137240012,0.2417917854,60.0533882777,0.0513173113,1.4709376097,0.0035432855,6.0312534455,0.2950057817
imagenet_lt_b32_online,ImageNet-LT,ViT-B/32,online_rrc_hflip,online_rrc_hflip,la,3,0;42;200,,66.6439990203,0.1744588410,71.6519474983,0.1495710708,64.7098143895,0.4227026581,59.2794100444,0.3420471343,66.0788218180,0.1674045576,1.2541096210,0.0070179303,1.2020047184,0.1818696370
imagenet_lt_b32_online,ImageNet-LT,ViT-B/32,online_rrc_hflip,online_rrc_hflip,ce_alpha1,3,0;42;200,0:1;42:1;200:1,66.1059955756,0.0658178404,69.6779231230,0.3951826542,64.1447484493,0.1571371460,62.9019598166,0.0898548753,65.5832707882,0.1258754766,1.2811158101,0.0034850284,0.8370153123,0.0369368787
imagenet_lt_b32_online,ImageNet-LT,ViT-B/32,online_rrc_hflip,online_rrc_hflip,ce_val_alpha,3,0;42;200,0:1;42:1;200:1,66.1059955756,0.0658178404,69.6779231230,0.3951826542,64.1447484493,0.1571371460,62.9019598166,0.0898548753,65.5832707882,0.1258754766,1.2811158101,0.0034850284,0.8370153123,0.0369368787
imagenet_lt_b32_online,ImageNet-LT,ViT-B/32,online_rrc_hflip,online_rrc_hflip,ce_p2p_train_only,3,0;42;200,0:1;42:1;200:1,66.9759988785,0.0235785601,70.9662357966,0.1304915270,65.4251913230,0.2035406837,61.1421545347,0.3061260223,66.4639015992,0.0143697297,1.2464367087,0.0008017873,1.0110809173,0.1289059072
imagenet_lt_b32_online,ImageNet-LT,ViT-B/32,online_rrc_hflip,online_rrc_hflip,la_p2p_train_only,3,0;42;200,0:1;42:1;200:1,67.2393321991,0.0830014813,71.4060624441,0.1874694252,65.4349327087,0.2209524721,61.7990175883,0.4227370495,66.8086171150,0.0893385077,1.2299922339,0.0041771224,0.7270060706,0.1315860308
inat2018_b32,iNaturalist 2018,ViT-B/32,not_trained,fixed_center_crop,zero_shot,1,,,3.4839924425,,5.1772203296,,3.2649755478,,3.3157359809,,1.9801421091,,7.5602388382,,2.4990701710,
inat2018_b32,iNaturalist 2018,ViT-B/32,fixed_center_crop,fixed_center_crop,ce,3,0;42;200,,5.0519939512,0.0959254243,28.7003854911,0.5421625319,3.0880852913,0.1411676414,1.5745114535,0.0883522617,2.3521523923,0.0891240107,6.8335096041,0.0135985275,6.6286519036,0.1249059353
inat2018_b32,iNaturalist 2018,ViT-B/32,fixed_center_crop,fixed_center_crop,la,3,0;42;200,,5.6865636259,0.0713813449,18.7441920241,0.5911437602,4.6711036315,0.1084315624,3.6954709639,0.1286694848,3.4439152728,0.0849846428,6.5921112696,0.0210533370,1.7241721487,0.3733969464
inat2018_b32,iNaturalist 2018,ViT-B/32,fixed_center_crop,fixed_center_crop,ce_alpha1,3,0;42;200,0:1;42:1;200:1,4.0025657664,0.0170447148,7.0622593164,0.1216665811,2.8092581158,0.1423091140,4.5197740197,0.1774312240,2.4187828104,0.0147631711,6.8346595764,0.0134368966,3.5912683067,0.2063018458
inat2018_b32,iNaturalist 2018,ViT-B/32,fixed_center_crop,fixed_center_crop,ce_val_alpha,3,0;42;200,0:0.25;42:0.25;200:0.25,5.3508557379,0.0710281698,26.0055750608,0.5532644064,3.4748454889,0.1728553403,2.4790837119,0.1343231407,2.7147609120,0.0616371582,6.7400668462,0.0131612380,3.6835561546,0.1549429485
inat2018_b32,iNaturalist 2018,ViT-B/32,fixed_center_crop,fixed_center_crop,ce_p2p_train_only,3,0;42;200,0:1;42:1;200:1,5.8271244168,0.0901919952,23.3107656240,0.2004465266,4.5721651365,0.1632267387,3.0533172811,0.0427784991,3.6397820959,0.0845934101,6.6089749336,0.0109674043,0.5473708775,0.1650843502
inat2018_b32,iNaturalist 2018,ViT-B/32,fixed_center_crop,fixed_center_crop,la_p2p_train_only,3,0;42;200,0:1;42:1;200:1,6.0140835742,0.1083171530,19.9256603916,0.5803133050,5.0668583562,0.0207717556,3.7541292608,0.2354643747,3.9935150494,0.0669385385,6.4861321449,0.0172805069,0.3567209140,0.0752147548
