setting,dataset,checkpoint,training_view,setting_training_view,method,seed,alpha,selected_epoch,source_artifact,source_sha256,manifest_sha256,oa,many,medium,few,macro_f1,nll,ece15
imagenet_lt_b32,ImageNet-LT,ViT-B/32,not_trained,fixed_center_crop,zero_shot,,,,imagenet_lt_v1/main/zero_shot.json,f235fd130609a5c71be473b821687c19c5e53043fa57587353e186fe1dc55f4d,9d8310c4263a41b7786469536bdee816e6272f5a915846348d786f5e53c28eaf,59.4159960747,61.0337674618,58.1711888313,59.2205882072,58.2050561905,1.6839214563,1.3995515958
imagenet_lt_b32,ImageNet-LT,ViT-B/32,fixed_center_crop,fixed_center_crop,ce,0,,9,imagenet_lt_v1/main/imagenet_lt_seed0_ce.json,767ba614d8b0fe5830ae4ada47792df280c7abf3597be4dfb4da1641df7e9b22,9d8310c4263a41b7786469536bdee816e6272f5a915846348d786f5e53c28eaf,61.3119959831,76.3844192028,56.0083508492,37.3235285282,59.9348068237,1.5058315992,9.1885134854
imagenet_lt_b32,ImageNet-LT,ViT-B/32,fixed_center_crop,fixed_center_crop,ce,42,,4,imagenet_lt_v1/main/imagenet_lt_seed42_ce.json,c24ea8f12615d1e4d35bcbbfdb2b68273da9be2f448fba20a3505e7b797cd23e,9d8310c4263a41b7786469536bdee816e6272f5a915846348d786f5e53c28eaf,61.1840009689,75.7246792316,56.0751557350,38.0147039890,59.9532306194,1.4904677868,7.6229430622
imagenet_lt_b32,ImageNet-LT,ViT-B/32,fixed_center_crop,fixed_center_crop,ce,200,,7,imagenet_lt_v1/main/imagenet_lt_seed200_ce.json,819ef577070be4cd3a8ab3ce3e83031cffbef291efa30ca33905402880aab2cc,9d8310c4263a41b7786469536bdee816e6272f5a915846348d786f5e53c28eaf,61.6320014000,76.1818170547,56.6638827324,37.9411756992,60.3997766972,1.4885261059,8.5477557325
imagenet_lt_b32,ImageNet-LT,ViT-B/32,fixed_center_crop,fixed_center_crop,la,0,,7,imagenet_lt_v1/main/imagenet_lt_seed0_la.json,db2af19b1e1d450866b58e0d05fb7786f92ff70b4da90212e47cbb22bb775a35,9d8310c4263a41b7786469536bdee816e6272f5a915846348d786f5e53c28eaf,65.7579958439,70.6857144833,63.9999985695,57.9999983311,65.1798844337,1.3063212633,4.2945267303
imagenet_lt_b32,ImageNet-LT,ViT-B/32,fixed_center_crop,fixed_center_crop,la,42,,4,imagenet_lt_v1/main/imagenet_lt_seed42_la.json,d473c420fef86c47ca68b6b9372e651b1a7f717819e4371bbb9ddb3e5e219edf,9d8310c4263a41b7786469536bdee816e6272f5a915846348d786f5e53c28eaf,66.0499989986,70.5818176270,64.0876829624,60.1323485374,65.4423952103,1.2869666815,3.0019045189
imagenet_lt_b32,ImageNet-LT,ViT-B/32,fixed_center_crop,fixed_center_crop,la,200,,4,imagenet_lt_v1/main/imagenet_lt_seed200_la.json,52a9929fef897098ae8558cdd02df136780fd31312407aba2aa0dd8166f69a76,9d8310c4263a41b7786469536bdee816e6272f5a915846348d786f5e53c28eaf,66.1139965057,70.5870151520,64.5678520203,58.8970541954,65.5815362930,1.2775118351,2.8716043865
imagenet_lt_b32,ImageNet-LT,ViT-B/32,fixed_center_crop,fixed_center_crop,ce_alpha1,0,1.0000000000,,imagenet_lt_v1/analysis/fixed_prior_controls/imagenet_lt_seed0_ce_fixed1.json,f60c8ab6917a0d00f685abffe3e32f75b0352f528f6361ab1c3e55d073e85f1c,9d8310c4263a41b7786469536bdee816e6272f5a915846348d786f5e53c28eaf,65.3719961643,69.1376626492,63.3110642433,61.9705855846,64.9385154247,1.3279833794,3.9558441963
imagenet_lt_b32,ImageNet-LT,ViT-B/32,fixed_center_crop,fixed_center_crop,ce_alpha1,42,1.0000000000,,imagenet_lt_v1/analysis/fixed_prior_controls/imagenet_lt_seed42_ce_fixed1.json,61ed7ffa3e0fc42abf619a2154d7f1702f05431cc971a35564f76ebb3c3fe57c,9d8310c4263a41b7786469536bdee816e6272f5a915846348d786f5e53c28eaf,65.2719974518,68.5246765614,63.0772471428,63.7941122055,64.8199737072,1.3133654594,2.2851994361
imagenet_lt_b32,ImageNet-LT,ViT-B/32,fixed_center_crop,fixed_center_crop,ce_alpha1,200,1.0000000000,,imagenet_lt_v1/analysis/fixed_prior_controls/imagenet_lt_seed200_ce_fixed1.json,22ba8dfead77d933d51176ae278f7ba1bb163b4dec72f8e3c360f26e1637a746,9d8310c4263a41b7786469536bdee816e6272f5a915846348d786f5e53c28eaf,65.3979957104,69.0597414970,63.0396664143,63.3382320404,65.0009274483,1.3214807510,3.5319292111
imagenet_lt_b32,ImageNet-LT,ViT-B/32,fixed_center_crop,fixed_center_crop,ce_val_alpha,0,0.7500000000,9,imagenet_lt_v1/posthoc/imagenet_lt_seed0_ce_posthoc.json,c30a41f62e990f1919692cbe09bc368c6c560557a190e1c1b7f5bbece42a42ea,9d8310c4263a41b7786469536bdee816e6272f5a915846348d786f5e53c28eaf,65.4020011425,72.0311701298,62.5845491886,56.5588235855,64.7456109524,1.3270716667,4.3731968517
imagenet_lt_b32,ImageNet-LT,ViT-B/32,fixed_center_crop,fixed_center_crop,ce_val_alpha,42,1.0000000000,4,imagenet_lt_v1/posthoc/imagenet_lt_seed42_ce_posthoc.json,f7fbfb4396ad8c1895ff8b878b4ccd26ec49bc9a5e1feaf31b9f4e5ce817e15e,9d8310c4263a41b7786469536bdee816e6272f5a915846348d786f5e53c28eaf,65.2719974518,68.5246765614,63.0772471428,63.7941122055,64.8199737072,1.3133654594,2.2851994361
imagenet_lt_b32,ImageNet-LT,ViT-B/32,fixed_center_crop,fixed_center_crop,ce_val_alpha,200,1.0000000000,7,imagenet_lt_v1/posthoc/imagenet_lt_seed200_ce_posthoc.json,4b456962b050b4209071cbaa18c68a8f6254901efe5e3e8190a690832dd3dc24,9d8310c4263a41b7786469536bdee816e6272f5a915846348d786f5e53c28eaf,65.3979957104,69.0597414970,63.0396664143,63.3382320404,65.0009274483,1.3214807510,3.5319292111
imagenet_lt_b32,ImageNet-LT,ViT-B/32,fixed_center_crop,fixed_center_crop,ce_p2p_train_only,0,1.0000000000,,imagenet_lt_v1/analysis/p05_effective_prior/imagenet_lt_seed0_ce_p2p.json,a6cba84cbed958b0ac3d85f0f0b06c651b2b78d69cabb5b74b9e04655459be63,9d8310c4263a41b7786469536bdee816e6272f5a915846348d786f5e53c28eaf,66.1619961262,70.5038964748,64.4676387310,59.8382353783,65.7318234444,1.2940562081,3.3522672920
imagenet_lt_b32,ImageNet-LT,ViT-B/32,fixed_center_crop,fixed_center_crop,ce_p2p_train_only,42,1.0000000000,,imagenet_lt_v1/analysis/p05_effective_prior/imagenet_lt_seed42_ce_p2p.json,2dddd7c237ce9c929995f61fb01f7c8c0179822751141cfd8acb3a39df7dba45,9d8310c4263a41b7786469536bdee816e6272f5a915846348d786f5e53c28eaf,66.1819994450,70.1090931892,64.6221280098,60.5588197708,65.7118380070,1.2729530512,1.6143390761
imagenet_lt_b32,ImageNet-LT,ViT-B/32,fixed_center_crop,fixed_center_crop,ce_p2p_train_only,200,1.0000000000,,imagenet_lt_v1/analysis/p05_effective_prior/imagenet_lt_seed200_ce_p2p.json,5a9bc32eb9edb7b2e155ead0554e0baa05aaa71b1f49f9ab876bb13f7f58d8ca,9d8310c4263a41b7786469536bdee816e6272f5a915846348d786f5e53c28eaf,66.2339985371,70.5142855644,64.5386219025,60.0882351398,65.7772302628,1.2832149378,2.9342821082
imagenet_lt_b32,ImageNet-LT,ViT-B/32,fixed_center_crop,fixed_center_crop,la_p2p_train_only,0,1.0000000000,,imagenet_lt_v1/analysis/p05_effective_prior/imagenet_lt_seed0_la_p2p.json,4c74e395c396b75d550fa08961cf86ed2da7c6c8ae0f8d88f05901df685cea79,9d8310c4263a41b7786469536bdee816e6272f5a915846348d786f5e53c28eaf,66.4799988270,70.7376658916,64.7265136242,60.6029391289,66.0702407360,1.2767370343,3.4109995191
imagenet_lt_b32,ImageNet-LT,ViT-B/32,fixed_center_crop,fixed_center_crop,la_p2p_train_only,42,1.0000000000,,imagenet_lt_v1/analysis/p05_effective_prior/imagenet_lt_seed42_la_p2p.json,9d49b18b9e78e95293fc7eb5f362778e96215df0c36f95f88963a484a70a3a96,9d8310c4263a41b7786469536bdee816e6272f5a915846348d786f5e53c28eaf,66.8299973011,70.6961035728,65.2275562286,61.5294098854,66.3791358471,1.2581354757,2.1143599712
imagenet_lt_b32,ImageNet-LT,ViT-B/32,fixed_center_crop,fixed_center_crop,la_p2p_train_only,200,1.0000000000,,imagenet_lt_v1/analysis/p05_effective_prior/imagenet_lt_seed200_la_p2p.json,e3995657395c56d05846340d15a2cc793c42fa9227e7ceadf904658c3594a9b9,9d8310c4263a41b7786469536bdee816e6272f5a915846348d786f5e53c28eaf,66.6799962521,70.6545472145,65.0521934032,61.1617624760,66.2549853325,1.2536027942,2.1804324806
imagenet_lt_b16,ImageNet-LT,ViT-B/16,not_trained,fixed_center_crop,zero_shot,,,,imagenet_lt_b16_v1/main/zero_shot.json,c1c265a6e938c3cc6b83bab1f9932d714f39d9f5a92594d91341f4ae456a67a1,9d8310c4263a41b7786469536bdee816e6272f5a915846348d786f5e53c28eaf,63.9859974384,65.1740252972,63.2108569145,63.3529365063,62.8288030624,1.4752647877,1.6378432027
imagenet_lt_b16,ImageNet-LT,ViT-B/16,fixed_center_crop,fixed_center_crop,ce,0,,9,imagenet_lt_b16_v1/main/imagenet_lt_b16_seed0_ce.json,4f82e4da579969805de9e9af2c9a562af9e107ae6a14ab8d8b022a1d5ff9845a,9d8310c4263a41b7786469536bdee816e6272f5a915846348d786f5e53c28eaf,67.1899974346,80.3272724152,63.2359087467,43.9264684916,65.9793376923,1.2445880175,7.8880245058
imagenet_lt_b16,ImageNet-LT,ViT-B/16,fixed_center_crop,fixed_center_crop,ce,42,,4,imagenet_lt_b16_v1/main/imagenet_lt_b16_seed42_ce.json,0bf2cc49c47b85b17553891da218334054acb99bdc4fc3f09fbd647550aa3bad,9d8310c4263a41b7786469536bdee816e6272f5a915846348d786f5e53c28eaf,67.1319961548,80.1766216755,63.0730688572,44.4999992847,66.0464882851,1.2281996012,6.6501905500
imagenet_lt_b16,ImageNet-LT,ViT-B/16,fixed_center_crop,fixed_center_crop,ce,200,,4,imagenet_lt_b16_v1/main/imagenet_lt_b16_seed200_ce.json,61c09e60a08e70f7e7340964ca8c71c49bdd01642e5d6ba675e031d264a3409a,9d8310c4263a41b7786469536bdee816e6272f5a915846348d786f5e53c28eaf,67.2859966755,80.5142879486,63.1941556931,44.2499995232,66.1629676819,1.2309833765,6.4624258357
imagenet_lt_b16,ImageNet-LT,ViT-B/16,fixed_center_crop,fixed_center_crop,la,0,,3,imagenet_lt_b16_v1/main/imagenet_lt_b16_seed0_la.json,8a06ee862fa3d411571e3b45f0bf42198622224b88921f5d9e3d24b081e457fc,9d8310c4263a41b7786469536bdee816e6272f5a915846348d786f5e53c28eaf,71.1340010166,75.1584410667,69.8872685432,64.1323506832,70.6335425377,1.0545884371,2.2705322312
imagenet_lt_b16,ImageNet-LT,ViT-B/16,fixed_center_crop,fixed_center_crop,la,42,,4,imagenet_lt_b16_v1/main/imagenet_lt_b16_seed42_la.json,397c4d3d48d2f361bd6df1588372fa46ff9429656eb34bae81d3618ed839089a,9d8310c4263a41b7786469536bdee816e6272f5a915846348d786f5e53c28eaf,71.1079955101,74.5246767998,70.2546954155,64.4411742687,70.6138968468,1.0688016415,3.1095127707
imagenet_lt_b16,ImageNet-LT,ViT-B/16,fixed_center_crop,fixed_center_crop,la,200,,9,imagenet_lt_b16_v1/main/imagenet_lt_b16_seed200_la.json,bdbc91215298d70787bb714f1dd3078dfa53e577d6ceaf795b3173526f17e46c,9d8310c4263a41b7786469536bdee816e6272f5a915846348d786f5e53c28eaf,70.8799958229,75.2051949501,69.7536528111,62.6029372215,70.4447388649,1.0910280943,4.0353215948
imagenet_lt_b16,ImageNet-LT,ViT-B/16,fixed_center_crop,fixed_center_crop,ce_alpha1,0,1.0000000000,,imagenet_lt_b16_v1/posthoc/imagenet_lt_b16_seed0_ce_fixed1.json,4016e4ee95e9643770b6f40341b49d5f2677e1eb2e159517b22051bfd2290c3a,9d8310c4263a41b7786469536bdee816e6272f5a915846348d786f5e53c28eaf,70.6900000572,73.7714290619,69.3402945995,66.7205870152,70.2803015709,1.0954405069,3.5344144781
imagenet_lt_b16,ImageNet-LT,ViT-B/16,fixed_center_crop,fixed_center_crop,ce_alpha1,42,1.0000000000,,imagenet_lt_b16_v1/posthoc/imagenet_lt_b16_seed42_ce_fixed1.json,3f1ec4e42210e2639fcb8b1cecb5a1bec2fd9e081e696ecee52df527b90f4655,9d8310c4263a41b7786469536bdee816e6272f5a915846348d786f5e53c28eaf,70.8159983158,73.4909117222,69.3695187569,68.3382332325,70.4386532307,1.0814019442,2.1141761114
imagenet_lt_b16,ImageNet-LT,ViT-B/16,fixed_center_crop,fixed_center_crop,ce_alpha1,200,1.0000000000,,imagenet_lt_b16_v1/posthoc/imagenet_lt_b16_seed200_ce_fixed1.json,d6f9ee1c2e3af61976ac931f9a8d872937d1da97cc42f3ced089dde3a27815a5,9d8310c4263a41b7786469536bdee816e6272f5a915846348d786f5e53c28eaf,70.9299981594,73.6103892326,69.4822549820,68.4411764145,70.5420613289,1.0742822886,2.0566485872
imagenet_lt_b16,ImageNet-LT,ViT-B/16,fixed_center_crop,fixed_center_crop,ce_val_alpha,0,0.7500000000,9,imagenet_lt_b16_v1/posthoc/imagenet_lt_b16_seed0_ce_posthoc.json,71ef76dc0ed49bf28611456526167f4f83740579e2ebf49646cddd0a23bd972a,9d8310c4263a41b7786469536bdee816e6272f5a915846348d786f5e53c28eaf,70.6900000572,76.4259755611,68.5887277126,61.8529379368,70.0892388821,1.0940583944,3.9771953867
imagenet_lt_b16,ImageNet-LT,ViT-B/16,fixed_center_crop,fixed_center_crop,ce_val_alpha,42,0.7500000000,4,imagenet_lt_b16_v1/posthoc/imagenet_lt_b16_seed42_ce_posthoc.json,04d41683ad7d8881600c263164c3e7537bf7ddd25b30ee81694d87b9b46b1bf8,9d8310c4263a41b7786469536bdee816e6272f5a915846348d786f5e53c28eaf,70.8799958229,76.1974036694,68.7223374844,63.4264707565,70.3072547913,1.0770100355,2.5045345037
imagenet_lt_b16,ImageNet-LT,ViT-B/16,fixed_center_crop,fixed_center_crop,ce_val_alpha,200,1.0000000000,4,imagenet_lt_b16_v1/posthoc/imagenet_lt_b16_seed200_ce_posthoc.json,8e7b43bdbc26b3e0b31c60329f6ba7ea2100dbd83d5fbb106150e68471f71497,9d8310c4263a41b7786469536bdee816e6272f5a915846348d786f5e53c28eaf,70.9299981594,73.6103892326,69.4822549820,68.4411764145,70.5420613289,1.0742822886,2.0566485872
imagenet_lt_b16,ImageNet-LT,ViT-B/16,fixed_center_crop,fixed_center_crop,ce_p2p_train_only,0,1.0000000000,,imagenet_lt_b16_v1/analysis/p1_train_only_p2p/imagenet_lt_b16_seed0_ce_p2p.json,afcfa4ad7d45e7558d3f790a0ad899f13f5f8b995667fdb732f2e77fe9891444,9d8310c4263a41b7786469536bdee816e6272f5a915846348d786f5e53c28eaf,71.3119983673,74.8779237270,70.2379941940,64.9999976158,70.8843827248,1.0657320195,3.1726834888
imagenet_lt_b16,ImageNet-LT,ViT-B/16,fixed_center_crop,fixed_center_crop,ce_p2p_train_only,42,1.0000000000,,imagenet_lt_b16_v1/analysis/p1_train_only_p2p/imagenet_lt_b16_seed42_ce_p2p.json,0eb3730d21eb0fadc48e17920d6258c2dbbc463b79d28e7a7ce6638fcc71bcb4,9d8310c4263a41b7786469536bdee816e6272f5a915846348d786f5e53c28eaf,71.7239975929,74.8831152916,70.7139909267,66.3382351398,71.3215589523,1.0476382234,1.5214340945
imagenet_lt_b16,ImageNet-LT,ViT-B/16,fixed_center_crop,fixed_center_crop,ce_p2p_train_only,200,1.0000000000,,imagenet_lt_b16_v1/analysis/p1_train_only_p2p/imagenet_lt_b16_seed200_ce_p2p.json,e4c42f75b917e8f76a6f32012a0e1a2b55f47b7bda5aaef71466d860bc3b4f78,9d8310c4263a41b7786469536bdee816e6272f5a915846348d786f5e53c28eaf,71.7179954052,74.9090909958,70.6346571445,66.4999961853,71.3277935982,1.0455500304,1.5411230466
imagenet_lt_b16,ImageNet-LT,ViT-B/16,fixed_center_crop,fixed_center_crop,la_p2p_train_only,0,1.0000000000,,imagenet_lt_b16_v1/analysis/p1_train_only_p2p/imagenet_lt_b16_seed0_la_p2p.json,16ec5a207a31952469e86b97ab2a4ab472898c82f83d5bf3126d76b1498df0b4,9d8310c4263a41b7786469536bdee816e6272f5a915846348d786f5e53c28eaf,71.8299984932,75.2467572689,70.7432150841,65.9852921963,71.4777946472,1.0319006691,1.5594028673
imagenet_lt_b16,ImageNet-LT,ViT-B/16,fixed_center_crop,fixed_center_crop,la_p2p_train_only,42,1.0000000000,,imagenet_lt_b16_v1/analysis/p1_train_only_p2p/imagenet_lt_b16_seed42_la_p2p.json,c5f0184e751d4948a500fb44330840e237fcea621ff96ac02bd29abfa334c9a7,9d8310c4263a41b7786469536bdee816e6272f5a915846348d786f5e53c28eaf,71.7599987984,75.0753283501,70.8308994770,65.6470537186,71.3466703892,1.0417185927,2.3900568258
imagenet_lt_b16,ImageNet-LT,ViT-B/16,fixed_center_crop,fixed_center_crop,la_p2p_train_only,200,1.0000000000,,imagenet_lt_b16_v1/analysis/p1_train_only_p2p/imagenet_lt_b16_seed200_la_p2p.json,71d86ef12c4c21ee23560400814b17185279e1a4ef4df4b20049674a76a436ab,9d8310c4263a41b7786469536bdee816e6272f5a915846348d786f5e53c28eaf,71.4179992676,75.2051949501,70.3256785870,64.5441174507,71.0798382759,1.0675872828,3.4756106297
imagenet_lt_b32_online,ImageNet-LT,ViT-B/32,not_trained,online_rrc_hflip,zero_shot,,,,imagenet_lt_v1/main/zero_shot.json,f235fd130609a5c71be473b821687c19c5e53043fa57587353e186fe1dc55f4d,9d8310c4263a41b7786469536bdee816e6272f5a915846348d786f5e53c28eaf,59.4159960747,61.0337674618,58.1711888313,59.2205882072,58.2050561905,1.6839214563,1.3995515958
imagenet_lt_b32_online,ImageNet-LT,ViT-B/32,online_rrc_hflip,online_rrc_hflip,ce,0,,16,imagenet_lt_p2_online_aug_v1/imagenet_lt_seed0_aug_ce.json,32b293a4a2d721b6d0636c89ee188ff10029af8f7cf118ba47321901443a76a7,9d8310c4263a41b7786469536bdee816e6272f5a915846348d786f5e53c28eaf,61.4099979401,76.9506514072,56.2129437923,35.7205867767,60.0218296051,1.4732545614,6.3712875328
imagenet_lt_b32_online,ImageNet-LT,ViT-B/32,online_rrc_hflip,online_rrc_hflip,ce,42,,20,imagenet_lt_p2_online_aug_v1/imagenet_lt_seed42_aug_ce.json,bbb72dddf4215b66e43227153fae4b347502d35366b65536f9925685cc12ac78,9d8310c4263a41b7786469536bdee816e6272f5a915846348d786f5e53c28eaf,61.5520000458,77.2727310658,56.2755763531,35.6323510408,60.0257337093,1.4668587446,5.8788723269
imagenet_lt_b32_online,ImageNet-LT,ViT-B/32,online_rrc_hflip,online_rrc_hflip,ce,200,,19,imagenet_lt_p2_online_aug_v1/imagenet_lt_seed200_aug_ce.json,7f1e87c9385ac1e04e51f828df67f07d1e0c53a24b3d7c8d976e42ed2c1c53e3,9d8310c4263a41b7786469536bdee816e6272f5a915846348d786f5e53c28eaf,61.6519987583,76.7532467842,56.7724406719,36.0882341862,60.1126015186,1.4726995230,5.8436004769
imagenet_lt_b32_online,ImageNet-LT,ViT-B/32,online_rrc_hflip,online_rrc_hflip,la,0,,15,imagenet_lt_p2_online_aug_v1/imagenet_lt_seed0_aug_la.json,5789ef3ecd3b95e2b2f817e3a3130123c4df5d5b192aae0e1aee990cda697550,9d8310c4263a41b7786469536bdee816e6272f5a915846348d786f5e53c28eaf,66.4579987526,71.8233764172,64.2714023590,58.9705884457,65.9547626972,1.2601888180,1.0873528082
imagenet_lt_b32_online,ImageNet-LT,ViT-B/32,online_rrc_hflip,online_rrc_hflip,la,42,,18,imagenet_lt_p2_online_aug_v1/imagenet_lt_seed42_aug_la.json,113a72ddbf7af51a16e7bfe13d497149a421be2912fc07f59843f914f797e0cf,9d8310c4263a41b7786469536bdee816e6272f5a915846348d786f5e53c28eaf,66.6700005531,71.5480506420,64.7432148457,59.6470534801,66.0124719143,1.2557104826,1.4117044557
imagenet_lt_b32_online,ImageNet-LT,ViT-B/32,online_rrc_hflip,online_rrc_hflip,la,200,,20,imagenet_lt_p2_online_aug_v1/imagenet_lt_seed200_aug_la.json,246f445527e277c57406f10b9aeb3969381935fe2ee9feb8cfc857cedce74cdd,9d8310c4263a41b7786469536bdee816e6272f5a915846348d786f5e53c28eaf,66.8039977551,71.5844154358,65.1148259640,59.2205882072,66.2692308426,1.2464295626,1.1069568914
imagenet_lt_b32_online,ImageNet-LT,ViT-B/32,online_rrc_hflip,online_rrc_hflip,ce_alpha1,0,1.0000000000,,imagenet_lt_p2_online_aug_v1/analysis/controls/imagenet_lt_seed0_aug_ce_empirical_alpha1.json,21f3a1c3d5a1fde616e641f32ce5c734fc65ae86edd02536aa320a563054170d,9d8310c4263a41b7786469536bdee816e6272f5a915846348d786f5e53c28eaf,66.1439955235,69.9584424496,64.0208780766,62.8235280514,65.6835734844,1.2786619663,0.8382556765
imagenet_lt_b32_online,ImageNet-LT,ViT-B/32,online_rrc_hflip,online_rrc_hflip,ce_alpha1,42,1.0000000000,,imagenet_lt_p2_online_aug_v1/analysis/controls/imagenet_lt_seed42_aug_ce_empirical_alpha1.json,a003ca29d29b1a14998b584d2f30bb20dfb92d13a5a34ab1f3ff9c92f9e7b714,9d8310c4263a41b7786469536bdee816e6272f5a915846348d786f5e53c28eaf,66.1439955235,69.8493540287,64.0918612480,62.8823518753,65.6242191792,1.2795805931,0.8733163859
imagenet_lt_b32_online,ImageNet-LT,ViT-B/32,online_rrc_hflip,online_rrc_hflip,ce_alpha1,200,1.0000000000,,imagenet_lt_p2_online_aug_v1/analysis/controls/imagenet_lt_seed200_aug_ce_empirical_alpha1.json,2b788bac357c93ab9a1aed3f2d70b50042b51f0af501d63d79d12a788f8232fb,9d8310c4263a41b7786469536bdee816e6272f5a915846348d786f5e53c28eaf,66.0299956799,69.2259728909,64.3215060234,62.9999995232,65.4420197010,1.2851048708,0.7994738744
imagenet_lt_b32_online,ImageNet-LT,ViT-B/32,online_rrc_hflip,online_rrc_hflip,ce_val_alpha,0,1.0000000000,,imagenet_lt_p2_online_aug_v1/analysis/controls/imagenet_lt_seed0_aug_ce_empirical_val_alpha.json,7b5f8371b20b4e16adb31502769275b09c765421de15ea2199a18a42aa74455c,9d8310c4263a41b7786469536bdee816e6272f5a915846348d786f5e53c28eaf,66.1439955235,69.9584424496,64.0208780766,62.8235280514,65.6835734844,1.2786619663,0.8382556765
imagenet_lt_b32_online,ImageNet-LT,ViT-B/32,online_rrc_hflip,online_rrc_hflip,ce_val_alpha,42,1.0000000000,,imagenet_lt_p2_online_aug_v1/analysis/controls/imagenet_lt_seed42_aug_ce_empirical_val_alpha.json,2f5071b0e2141be7b9d323cd6f01c79b05a0f7a2926100b3685ac9ce53b38c58,9d8310c4263a41b7786469536bdee816e6272f5a915846348d786f5e53c28eaf,66.1439955235,69.8493540287,64.0918612480,62.8823518753,65.6242191792,1.2795805931,0.8733163859
imagenet_lt_b32_online,ImageNet-LT,ViT-B/32,online_rrc_hflip,online_rrc_hflip,ce_val_alpha,200,1.0000000000,,imagenet_lt_p2_online_aug_v1/analysis/controls/imagenet_lt_seed200_aug_ce_empirical_val_alpha.json,b8aceca7f8006f5bca3aceb3286ad7dce78e2cd5f45259fa0677057e4138989e,9d8310c4263a41b7786469536bdee816e6272f5a915846348d786f5e53c28eaf,66.0299956799,69.2259728909,64.3215060234,62.9999995232,65.4420197010,1.2851048708,0.7994738744
imagenet_lt_b32_online,ImageNet-LT,ViT-B/32,online_rrc_hflip,online_rrc_hflip,ce_p2p_train_only,0,1.0000000000,,imagenet_lt_p2_online_aug_v1/analysis/controls/imagenet_lt_seed0_aug_ce_p2p_alpha1.json,dd1feb682a9512f5ac992042f05566b97489a4c30d1dd5d9a3cffb320e423dfb,9d8310c4263a41b7786469536bdee816e6272f5a915846348d786f5e53c28eaf,66.9499993324,71.0441589355,65.2108550072,61.4852905273,66.4799571037,1.2461858400,0.8679851382
imagenet_lt_b32_online,ImageNet-LT,ViT-B/32,online_rrc_hflip,online_rrc_hflip,ce_p2p_train_only,42,1.0000000000,,imagenet_lt_p2_online_aug_v1/analysis/controls/imagenet_lt_seed42_aug_ce_p2p_alpha1.json,08bc1e16490020d340091397bf0319f0cd17795d356d3d36d388b324ded680c0,9d8310c4263a41b7786469536bdee816e6272f5a915846348d786f5e53c28eaf,66.9820010662,71.0389614105,65.4488503933,60.8970582485,66.4595007896,1.2457903520,1.1181172754
imagenet_lt_b32_online,ImageNet-LT,ViT-B/32,online_rrc_hflip,online_rrc_hflip,ce_p2p_train_only,200,1.0000000000,,imagenet_lt_p2_online_aug_v1/analysis/controls/imagenet_lt_seed200_aug_ce_p2p_alpha1.json,74108169bea665ccb95e8114e25694671791926fce4a6411c262aaff8a32688e,9d8310c4263a41b7786469536bdee816e6272f5a915846348d786f5e53c28eaf,66.9959962368,70.8155870438,65.6158685684,61.0441148281,66.4522469044,1.2473339342,1.0471403384
imagenet_lt_b32_online,ImageNet-LT,ViT-B/32,online_rrc_hflip,online_rrc_hflip,la_p2p_train_only,0,1.0000000000,,imagenet_lt_p2_online_aug_v1/analysis/controls/imagenet_lt_seed0_aug_la_p2p_alpha1.json,1f08f1afce08de34f92a80903b2aac63cb3a05b688a8221563b9c3770c21c07f,9d8310c4263a41b7786469536bdee816e6272f5a915846348d786f5e53c28eaf,67.1559989452,71.5116918087,65.1941537857,61.7352902889,66.7548537254,1.2339568367,0.6530018998
imagenet_lt_b32_online,ImageNet-LT,ViT-B/32,online_rrc_hflip,online_rrc_hflip,la_p2p_train_only,42,1.0000000000,,imagenet_lt_p2_online_aug_v1/analysis/controls/imagenet_lt_seed42_aug_la_p2p_alpha1.json,ec88a3bf59128fce41698590aa478055a6bed3fb612be51f39356986e67b867f,9d8310c4263a41b7786469536bdee816e6272f5a915846348d786f5e53c28eaf,67.2399997711,71.1896121502,65.4822528362,62.2500002384,66.7592525482,1.2303889649,0.8789316981
imagenet_lt_b32_online,ImageNet-LT,ViT-B/32,online_rrc_hflip,online_rrc_hflip,la_p2p_train_only,200,1.0000000000,,imagenet_lt_p2_online_aug_v1/analysis/controls/imagenet_lt_seed200_aug_la_p2p_alpha1.json,4ae49962abe4c129bbcb5a22e0fc30a3c66377b8837a300e965b2966dfcc8ed0,9d8310c4263a41b7786469536bdee816e6272f5a915846348d786f5e53c28eaf,67.3219978809,71.5168833733,65.6283915043,61.4117622375,66.9117450714,1.2256309000,0.6490846140
inat2018_b32,iNaturalist 2018,ViT-B/32,not_trained,fixed_center_crop,zero_shot,,,,inat2018_v1/main/zero_shot.json,e45df4e1eea0d692929ff1721ee16391abaaff85035ba4d0a90f750abf9ff162,1d82809e8a2a1ac9712cedcac0db0d6bbeb21f885c99cc25e1117f1dedd0062f,3.4839924425,5.1772203296,3.2649755478,3.3157359809,1.9801421091,7.5602388382,2.4990701710
inat2018_b32,iNaturalist 2018,ViT-B/32,fixed_center_crop,fixed_center_crop,ce,0,,19,inat2018_v1/main/inat2018_seed0_ce.json,204a1203a716da7d1fc20485c48a7a576b851b093432c600770b79d318c33a37,1d82809e8a2a1ac9712cedcac0db0d6bbeb21f885c99cc25e1117f1dedd0062f,5.1625318825,29.3110311031,3.2469868660,1.5189404599,2.4526411667,6.8481645584,6.7727065566
inat2018_b32,iNaturalist 2018,ViT-B/32,fixed_center_crop,fixed_center_crop,ce,42,,20,inat2018_v1/main/inat2018_seed42_ce.json,8ef93cb61cb9e4ebb9a05a490620beba61448af2d219ce2a455cfcd5e292a96d,1d82809e8a2a1ac9712cedcac0db0d6bbeb21f885c99cc25e1117f1dedd0062f,5.0028659403,28.2755881548,2.9771540314,1.6763916239,2.3211328313,6.8310651779,6.5627634196
inat2018_b32,iNaturalist 2018,ViT-B/32,fixed_center_crop,fixed_center_crop,ce,200,,19,inat2018_v1/main/inat2018_seed200_ce.json,dd53dd25b0a74f3745e6d72b0329d7eb47dcdf0ee0ca9a698f5155f2f70737fb,1d82809e8a2a1ac9712cedcac0db0d6bbeb21f885c99cc25e1117f1dedd0062f,4.9905840307,28.5145372152,3.0401149765,1.5282022767,2.2826831788,6.8212990761,6.5504857346
inat2018_b32,iNaturalist 2018,ViT-B/32,fixed_center_crop,fixed_center_crop,la,0,,11,inat2018_v1/main/inat2018_seed0_la.json,51048c0b559307e14355d4949c8d6f2841572defeb0759d603c4229822da4c1b,1d82809e8a2a1ac9712cedcac0db0d6bbeb21f885c99cc25e1117f1dedd0062f,5.6374356151,18.5981675982,4.6591110528,3.6306381226,3.4738704562,6.6078581810,1.3060942930
inat2018_b32,iNaturalist 2018,ViT-B/32,fixed_center_crop,fixed_center_crop,la,42,,19,inat2018_v1/main/inat2018_seed42_la.json,4c0ea7ddbd99cd12455f8a6e6671656e728410b7fa78c3c4af4968db3cff90bb,1d82809e8a2a1ac9712cedcac0db0d6bbeb21f885c99cc25e1117f1dedd0062f,5.7684436440,19.3946629763,4.7850329429,3.6121144891,3.5098660737,6.5681982040,1.8419232923
inat2018_b32,iNaturalist 2018,ViT-B/32,fixed_center_crop,fixed_center_crop,la,200,,13,inat2018_v1/main/inat2018_seed200_la.json,be203e9207a7e273e46b4c6facefe4635c3c940390a1eecc17a778eb34a424fe,1d82809e8a2a1ac9712cedcac0db0d6bbeb21f885c99cc25e1117f1dedd0062f,5.6538116187,18.2397454977,4.5691668987,3.8436602801,3.3480092883,6.6002774239,2.0244988606
inat2018_b32,iNaturalist 2018,ViT-B/32,fixed_center_crop,fixed_center_crop,ce_alpha1,0,1.0000000000,,inat2018_v1/main/controls/inat2018_seed0_ce_empirical_alpha1.json,13597ce1b94019c64b810e920381b5a865ae46da5714939ea99a0ec04c506eab,1d82809e8a2a1ac9712cedcac0db0d6bbeb21f885c99cc25e1117f1dedd0062f,3.9834603667,7.0888094604,2.8422376141,4.4364176691,2.4017561227,6.8460617065,3.8055312209
inat2018_b32,iNaturalist 2018,ViT-B/32,fixed_center_crop,fixed_center_crop,ce_alpha1,42,1.0000000000,,inat2018_v1/main/controls/inat2018_seed42_ce_empirical_alpha1.json,9fb4974a36cfc8852bf8dc9e7d8eb7b5cf93071975f5a50911c2134cc7db99f1,1d82809e8a2a1ac9712cedcac0db0d6bbeb21f885c99cc25e1117f1dedd0062f,4.0080245584,6.9295100868,2.6533547789,4.7235343605,2.4265749380,6.8380713463,3.5742978404
inat2018_b32,iNaturalist 2018,ViT-B/32,fixed_center_crop,fixed_center_crop,ce_alpha1,200,1.0000000000,,inat2018_v1/main/controls/inat2018_seed200_ce_empirical_alpha1.json,525cfc29d04d4c8d4e8f8af94025034bd8f56e4cae7a1804b32d7ecaa9feb2f8,1d82809e8a2a1ac9712cedcac0db0d6bbeb21f885c99cc25e1117f1dedd0062f,4.0162123740,7.1684584022,2.9321819544,4.3993700296,2.4280173704,6.8198456764,3.3939758587
inat2018_b32,iNaturalist 2018,ViT-B/32,fixed_center_crop,fixed_center_crop,ce_val_alpha,0,0.2500000000,,inat2018_v1/main/controls/inat2018_seed0_ce_val_alpha.json,94820d5e600cf8e00e5ee077ebbf845bf2fa3615e1c77e9bf1ab74e2dd2345fa,1d82809e8a2a1ac9712cedcac0db0d6bbeb21f885c99cc25e1117f1dedd0062f,5.4122656584,26.3639986515,3.6607302725,2.3432435468,2.7854271233,6.7532958984,3.8236124828
inat2018_b32,iNaturalist 2018,ViT-B/32,fixed_center_crop,fixed_center_crop,ce_val_alpha,42,0.2500000000,,inat2018_v1/main/controls/inat2018_seed42_ce_val_alpha.json,0f3793622185f3fa37bd904ffca5bad3e6dbdaf2f007ba219af9e84de6617d07,1d82809e8a2a1ac9712cedcac0db0d6bbeb21f885c99cc25e1117f1dedd0062f,5.2730698138,25.3683775663,3.3189419657,2.6118366048,2.6867663488,6.7399301529,3.7099410913
inat2018_b32,iNaturalist 2018,ViT-B/32,fixed_center_crop,fixed_center_crop,ce_val_alpha,200,0.2500000000,,inat2018_v1/main/controls/inat2018_seed200_ce_val_alpha.json,bb091430583ebd1957a64314e7d2d6f69e837c9fc6a9d571d195c9b5763ecdd3,1d82809e8a2a1ac9712cedcac0db0d6bbeb21f885c99cc25e1117f1dedd0062f,5.3672317415,26.2843489647,3.4448642284,2.4821709841,2.6720892638,6.7269744873,3.5171148898
inat2018_b32,iNaturalist 2018,ViT-B/32,fixed_center_crop,fixed_center_crop,ce_p2p_train_only,0,1.0000000000,,inat2018_v1/main/controls/inat2018_seed0_ce_p2p_train_only.json,b01c03941ea2997d71bc494879a62331d2c348eca9ddfcc374e49870cd95918d,1d82809e8a2a1ac9712cedcac0db0d6bbeb21f885c99cc25e1117f1dedd0062f,5.9199217707,23.4966143966,4.7580499202,3.0286191031,3.7358108908,6.6165137291,0.6017510098
inat2018_b32,iNaturalist 2018,ViT-B/32,fixed_center_crop,fixed_center_crop,ce_p2p_train_only,42,1.0000000000,,inat2018_v1/main/controls/inat2018_seed42_ce_p2p_train_only.json,a32f6ee738c182654d3c26b1a0dd1fbf2ad34dbeaa1b50bed7cf53ecd614d733,1d82809e8a2a1ac9712cedcac0db0d6bbeb21f885c99cc25e1117f1dedd0062f,5.7397857308,23.0983674526,4.4522393495,3.0286191031,3.6072563380,6.6140179634,0.6784051571
inat2018_b32,iNaturalist 2018,ViT-B/32,fixed_center_crop,fixed_center_crop,ce_p2p_train_only,200,1.0000000000,,inat2018_v1/main/controls/inat2018_seed200_ce_p2p_train_only.json,f3036b2b1108ae3794e44d0d3ffdd4d015c48a41cf17829cf642c48aed30dfe4,1d82809e8a2a1ac9712cedcac0db0d6bbeb21f885c99cc25e1117f1dedd0062f,5.8216657490,23.3373150229,4.5062061399,3.1027136371,3.5762790591,6.5963931084,0.3619564656
inat2018_b32,iNaturalist 2018,ViT-B/32,fixed_center_crop,fixed_center_crop,la_p2p_train_only,0,1.0000000000,,inat2018_v1/main/controls/inat2018_seed0_la_p2p_train_only.json,4bc7b786472ecc7b1d00a58dca215d5f284044a46f4bd96a10f33c90e8969ba6,1d82809e8a2a1ac9712cedcac0db0d6bbeb21f885c99cc25e1117f1dedd0062f,5.8912634850,19.6734368801,5.0548657775,3.5472817719,3.9165031165,6.5001196861,0.3611160402
inat2018_b32,iNaturalist 2018,ViT-B/32,fixed_center_crop,fixed_center_crop,la_p2p_train_only,42,1.0000000000,,inat2018_v1/main/controls/inat2018_seed42_la_p2p_train_only.json,669a17d18559b6b91e8afaa6afe5dc31125988d7c83ba87db890eb558c6b40e7,1d82809e8a2a1ac9712cedcac0db0d6bbeb21f885c99cc25e1117f1dedd0062f,6.0550235212,20.5894067883,5.0548657775,3.7047326565,4.0377341211,6.4668145180,0.4296417340
inat2018_b32,iNaturalist 2018,ViT-B/32,fixed_center_crop,fixed_center_crop,la_p2p_train_only,200,1.0000000000,,inat2018_v1/main/controls/inat2018_seed200_la_p2p_train_only.json,9cce54c8c4b06d9077f09b572b6a0453cbc13fbae5215702848df848c68f1ea9,1d82809e8a2a1ac9712cedcac0db0d6bbeb21f885c99cc25e1117f1dedd0062f,6.0959637165,19.5141375065,5.0908435136,4.0103733540,4.0263079107,6.4914622307,0.2794049677
